seed,rooms,floor0,floor1,floor2,floor3,floor4,floor5,floor6,floor7,decision_floor,attempts,solve_ms,initial_compositions,initial_hall_cells
1,9,2,0,1,1,1,1,1,2,0,1,590.810,10,30
4551901626285849621,10,1,1,1,2,2,0,1,2,1,1,506.819,10,30
11345148703541622826,10,2,1,1,1,0,2,1,2,1,1,578.098,10,30
8915595627428017215,9,2,1,0,1,0,2,1,2,0,1,567.408,10,30
15690828306174308436,10,2,0,1,2,1,1,1,2,0,1,655.346,10,30
13117159767106940009,9,1,1,1,1,2,0,1,2,1,1,506.137,10,30
1463733139397339262,9,3,0,1,1,2,0,1,1,0,1,460.383,10,30
17480923999554331795,10,2,1,1,1,1,1,1,2,1,1,633.207,10,30
5811664541843710120,9,3,1,0,1,1,1,1,1,0,1,509.724,10,30
3382102532198128829,9,1,1,1,1,1,1,1,2,1,2,939.473,10,30
10319474005939640530,10,1,2,0,1,0,2,1,3,1,3,1226.725,10,30
7889982365038236903,10,1,1,1,1,0,2,1,3,1,1,502.532,10,30
14665223839877550332,9,3,1,0,1,1,1,1,1,0,3,1451.304,10,30
12235661967670922513,10,3,1,0,1,1,1,1,2,0,1,566.296,10,30
438058579234310438,10,1,2,0,2,1,1,1,2,1,2,937.555,10,30
16455240505859327291,10,2,0,1,2,1,1,1,2,0,1,578.599,10,30
4786051279453929808,9,2,0,1,1,1,1,1,2,0,2,1047.659,10,30
2356498065901370725,10,2,1,0,2,0,2,1,2,0,1,523.761,10,30
13761431299023485306,9,1,1,1,1,1,1,1,2,1,1,499.203,10,30
2234606838182524303,10,3,1,0,1,1,1,1,2,0,1,517.370,10,30
18251226364609933732,9,1,1,1,1,2,0,1,2,1,1,507.855,10,30
6597808532993355193,9,1,1,1,1,0,2,1,2,1,3,1407.429,10,30
4168246523347773902,9,1,1,1,1,0,2,1,2,1,1,534.159,10,30
10945731139346703843,10,1,1,1,1,2,0,1,3,1,1,646.395,10,30
