seed,rooms,floor0,floor1,floor2,floor3,floor4,floor5,floor6,floor7,decision_floor,attempts,solve_ms
1,9,2,0,1,1,1,1,1,2,0,1,540.242
4551901626285849621,10,1,1,1,2,2,0,1,2,1,1,453.132
11345148703541622826,10,2,1,1,1,0,2,1,2,1,1,524.389
8915595627428017215,9,2,1,0,1,0,2,1,2,0,1,513.315
15690828306174308436,10,2,0,1,2,1,1,1,2,0,1,601.955
13117159767106940009,9,1,1,1,1,2,0,1,2,1,1,449.437
1463733139397339262,9,3,0,1,1,2,0,1,1,0,1,404.062
17480923999554331795,10,2,1,1,1,1,1,1,2,1,1,577.004
5811664541843710120,9,3,1,0,1,1,1,1,1,0,1,458.183
3382102532198128829,9,1,1,1,1,1,1,1,2,1,2,884.454
10319474005939640530,10,1,2,0,1,0,2,1,3,1,3,1178.191
7889982365038236903,10,1,1,1,1,0,2,1,3,1,1,445.379
14665223839877550332,9,3,1,0,1,1,1,1,1,0,3,1381.539
12235661967670922513,10,3,1,0,1,1,1,1,2,0,1,513.880
438058579234310438,10,1,2,0,2,1,1,1,2,1,2,873.953
16455240505859327291,10,2,0,1,2,1,1,1,2,0,1,526.118
4786051279453929808,9,2,0,1,1,1,1,1,2,0,2,974.086
2356498065901370725,10,2,1,0,2,0,2,1,2,0,1,458.409
13761431299023485306,9,1,1,1,1,1,1,1,2,1,1,442.604
2234606838182524303,10,3,1,0,1,1,1,1,2,0,1,464.046
18251226364609933732,9,1,1,1,1,2,0,1,2,1,1,451.852
6597808532993355193,9,1,1,1,1,0,2,1,2,1,3,1337.379
4168246523347773902,9,1,1,1,1,0,2,1,2,1,1,473.009
10945731139346703843,10,1,1,1,1,2,0,1,3,1,1,589.627
