frame,seconds
frame_00000.png,0.000000
frame_00001.png,0.068443
frame_00002.png,0.256700
frame_00003.png,0.366774
frame_00004.png,0.456357
frame_00005.png,0.575427
frame_00006.png,0.663681
frame_00007.png,0.763821
frame_00008.png,0.901279
frame_00009.png,0.968415
frame_00010.png,1.072548
frame_00011.png,1.184534
frame_00012.png,1.268816
frame_00013.png,1.389415
frame_00014.png,1.469580
frame_00015.png,1.583048
frame_00016.png,1.669753
frame_00017.png,1.772395
frame_00018.png,1.872900
frame_00019.png,1.972648
frame_00020.png,2.047248
frame_00021.png,2.143991
frame_00022.png,2.263194
frame_00023.png,2.331665
frame_00024.png,2.419874
frame_00025.png,2.507306
frame_00026.png,2.609536
frame_00027.png,2.726890
frame_00028.png,2.815736
frame_00029.png,2.915098
frame_00030.png,3.004993
frame_00031.png,3.104336
frame_00032.png,3.171421
frame_00033.png,3.283808
frame_00034.png,3.362526
frame_00035.png,3.465792
frame_00036.png,3.549849
frame_00037.png,3.646571
frame_00038.png,3.715657
frame_00039.png,3.834405
frame_00040.png,3.903104
frame_00041.png,3.972185
frame_00042.png,4.073821
frame_00043.png,4.171436
frame_00044.png,4.272483
frame_00045.png,4.375239
frame_00046.png,4.449056
frame_00047.png,4.544508
frame_00048.png,4.667084
frame_00049.png,4.763483
frame_00050.png,4.868062
frame_00051.png,4.948382
frame_00052.png,5.051869
frame_00053.png,5.173731
frame_00054.png,5.263964
frame_00055.png,5.365724
frame_00056.png,5.449064
frame_00057.png,5.546069
frame_00058.png,5.669517
frame_00059.png,5.737747
frame_00060.png,5.818085
frame_00061.png,5.943844
frame_00062.png,6.018870
frame_00063.png,6.124700
frame_00064.png,6.240180
frame_00065.png,6.319168
frame_00066.png,6.436665
frame_00067.png,6.520775
frame_00068.png,6.622145
frame_00069.png,6.736208
frame_00070.png,6.819883
frame_00071.png,6.923947
frame_00072.png,7.021878
frame_00073.png,7.136675
frame_00074.png,7.220969
frame_00075.png,7.333889
frame_00076.png,7.421792
frame_00077.png,7.521467
frame_00078.png,7.621898
frame_00079.png,7.730971
frame_00080.png,7.836117
frame_00081.png,7.921684
frame_00082.png,8.021730
frame_00083.png,8.122573
frame_00084.png,8.242261
frame_00085.png,8.313930
frame_00086.png,8.448173
frame_00087.png,8.520083
frame_00088.png,8.634258
frame_00089.png,8.722253
frame_00090.png,8.839285
frame_00091.png,8.926050
frame_00092.png,9.036734
frame_00093.png,9.121881
frame_00094.png,9.224092
frame_00095.png,9.326022
frame_00096.png,9.439061
frame_00097.png,9.519663
frame_00098.png,9.635673
frame_00099.png,9.722661
frame_00100.png,9.846284
frame_00101.png,9.921202
frame_00102.png,10.033970
frame_00103.png,10.122689
frame_00104.png,10.227619
frame_00105.png,10.325702
frame_00106.png,10.425332
frame_00107.png,10.525472
frame_00108.png,10.625424
frame_00109.png,10.733943
frame_00110.png,10.827223
frame_00111.png,10.924805
frame_00112.png,11.025648
frame_00113.png,11.126858
frame_00114.png,11.223127
frame_00115.png,11.325658
frame_00116.png,11.422332
frame_00117.png,11.523915
frame_00118.png,11.625704
frame_00119.png,11.719742
frame_00120.png,11.828510
frame_00121.png,11.936641
frame_00122.png,12.023222
frame_00123.png,12.128706
frame_00124.png,12.228067
frame_00125.png,12.323531
frame_00126.png,12.434664
frame_00127.png,12.523569
frame_00128.png,12.622719
frame_00129.png,12.723213
frame_00130.png,12.825793
frame_00131.png,12.922126
frame_00132.png,13.040916
frame_00133.png,13.124804
frame_00134.png,13.224986
frame_00135.png,13.332582
frame_00136.png,13.423259
frame_00137.png,13.526162
frame_00138.png,13.622051
frame_00139.png,13.737594
frame_00140.png,13.825838
frame_00141.png,13.923002
frame_00142.png,14.022711
frame_00143.png,14.142010
frame_00144.png,14.221263
frame_00145.png,14.323872
frame_00146.png,14.420892
frame_00147.png,14.548198
frame_00148.png,14.620582
frame_00149.png,14.724209
frame_00150.png,14.826521
frame_00151.png,14.921564
frame_00152.png,15.035152
frame_00153.png,15.121806
frame_00154.png,15.222733
frame_00155.png,15.322161
frame_00156.png,15.429656
frame_00157.png,15.521656
frame_00158.png,15.641222
frame_00159.png,15.720948
frame_00160.png,15.829174
frame_00161.png,15.934430
frame_00162.png,16.025589
frame_00163.png,16.134422
frame_00164.png,16.223491
frame_00165.png,16.333889
frame_00166.png,16.421354
frame_00167.png,16.526565
frame_00168.png,16.632997
frame_00169.png,16.722046
frame_00170.png,16.827661
frame_00171.png,16.927675
frame_00172.png,17.032977
frame_00173.png,17.124328
frame_00174.png,17.221125
frame_00175.png,17.336000
frame_00176.png,17.422899
frame_00177.png,17.521937
frame_00178.png,17.622706
frame_00179.png,17.730580
frame_00180.png,17.826751
frame_00181.png,17.937455
frame_00182.png,18.019339
frame_00183.png,18.133929
frame_00184.png,18.219028
frame_00185.png,18.334069
frame_00186.png,18.418149
frame_00187.png,18.522414
frame_00188.png,18.637136
frame_00189.png,18.720426
frame_00190.png,18.844842
frame_00191.png,18.918618
frame_00192.png,19.022173
frame_00193.png,19.118324
frame_00194.png,19.234413
frame_00195.png,19.318353
frame_00196.png,19.420974
frame_00197.png,19.563568
frame_00198.png,19.633689
frame_00199.png,19.720855
frame_00200.png,19.827028
frame_00201.png,19.926695
frame_00202.png,20.021242
frame_00203.png,20.131092
frame_00204.png,20.220500
frame_00205.png,20.319730
frame_00206.png,20.421269
frame_00207.png,20.533834
frame_00208.png,20.620051
frame_00209.png,20.732677
frame_00210.png,20.824343
frame_00211.png,20.931959
frame_00212.png,21.021804
frame_00213.png,21.134170
frame_00214.png,21.225145
frame_00215.png,21.319868
frame_00216.png,21.445018
frame_00217.png,21.524161
frame_00218.png,21.624406
frame_00219.png,21.723883
frame_00220.png,21.824711
frame_00221.png,21.923344
frame_00222.png,22.024115
frame_00223.png,22.124265
frame_00224.png,22.224030
frame_00225.png,22.300182
frame_00226.png,22.395102
frame_00227.png,22.516342
frame_00228.png,22.584071
frame_00229.png,22.679188
frame_00230.png,22.771907
frame_00231.png,22.878498
frame_00232.png,22.972204
frame_00233.png,23.074153
frame_00234.png,23.170464
frame_00235.png,23.285429
frame_00236.png,23.371872
frame_00237.png,23.472055
frame_00238.png,23.571682
frame_00239.png,23.673707
frame_00240.png,23.750216
frame_00241.png,23.849913
frame_00242.png,23.925465
frame_00243.png,24.038040
frame_00244.png,24.113690
frame_00245.png,24.216100
frame_00246.png,24.283206
frame_00247.png,24.381960
frame_00248.png,24.457626
frame_00249.png,24.571247
frame_00250.png,24.663662
frame_00251.png,24.764857
frame_00252.png,24.841041
frame_00253.png,24.931242
frame_00254.png,25.055867
frame_00255.png,25.163773
frame_00256.png,25.265579
frame_00257.png,25.339622
frame_00258.png,25.412855
frame_00259.png,25.527950
frame_00260.png,25.597747
frame_00261.png,25.694772
frame_00262.png,25.762275
frame_00263.png,25.873798
frame_00264.png,25.964889
frame_00265.png,26.064784
frame_00266.png,26.132948
frame_00267.png,26.229816
frame_00268.png,26.297610
frame_00269.png,26.409814
frame_00270.png,26.479732
frame_00271.png,26.572379
frame_00272.png,26.688753
frame_00273.png,26.773332
frame_00274.png,26.874651
frame_00275.png,26.973441
frame_00276.png,27.096811
frame_00277.png,27.169866
frame_00278.png,27.290830
frame_00279.png,27.367581
frame_00280.png,27.484427
frame_00281.png,27.570405
frame_00282.png,27.671859
frame_00283.png,27.750890
frame_00284.png,27.850096
frame_00285.png,27.972149
frame_00286.png,28.038928
frame_00287.png,28.130088
frame_00288.png,28.242074
frame_00289.png,28.324437
frame_00290.png,28.420266
frame_00291.png,28.534769
frame_00292.png,28.620168
frame_00293.png,28.727686
frame_00294.png,28.823987
frame_00295.png,28.923046
frame_00296.png,29.032663
frame_00297.png,29.121923
frame_00298.png,29.222001
frame_00299.png,29.331870
frame_00300.png,29.419486
frame_00301.png,29.525002
frame_00302.png,29.627364
frame_00303.png,29.723932
frame_00304.png,29.836424
frame_00305.png,29.930830
frame_00306.png,30.032237
frame_00307.png,30.124111
frame_00308.png,30.223784
frame_00309.png,30.325439
frame_00310.png,30.433142
frame_00311.png,30.522743
frame_00312.png,30.635902
frame_00313.png,30.722419
frame_00314.png,30.836989
frame_00315.png,30.922025
frame_00316.png,31.023664
frame_00317.png,31.123157
frame_00318.png,31.223179
frame_00319.png,31.320978
frame_00320.png,31.439369
frame_00321.png,31.522373
frame_00322.png,31.636972
frame_00323.png,31.721056
frame_00324.png,31.827659
frame_00325.png,31.924850
frame_00326.png,32.023002
frame_00327.png,32.097590
frame_00328.png,32.202156
frame_00329.png,32.271364
frame_00330.png,32.384965
frame_00331.png,32.451770
frame_00332.png,32.520920
frame_00333.png,32.625415
frame_00334.png,32.737229
frame_00335.png,32.826158
frame_00336.png,32.938164
frame_00337.png,33.027221
frame_00338.png,33.124713
frame_00339.png,33.233188
frame_00340.png,33.395268
frame_00341.png,33.470216
frame_00342.png,33.563508
frame_00343.png,33.642386
frame_00344.png,33.740488
frame_00345.png,33.865539
frame_00346.png,33.963226
frame_00347.png,34.064500
frame_00348.png,34.148657
frame_00349.png,34.249639
frame_00350.png,34.319144
frame_00351.png,34.433611
frame_00352.png,34.513241
frame_00353.png,34.616102
frame_00354.png,34.697138
frame_00355.png,34.796514
frame_00356.png,34.866579
frame_00357.png,34.983974
frame_00358.png,35.064408
frame_00359.png,35.165191
frame_00360.png,35.250018
frame_00361.png,35.348792
frame_00362.png,35.472444
frame_00363.png,35.563977
frame_00364.png,35.666784
frame_00365.png,35.750167
frame_00366.png,35.845879
frame_00367.png,35.917193
frame_00368.png,36.031262
frame_00369.png,36.099273
frame_00370.png,36.172797
frame_00371.png,36.287132
frame_00372.png,36.368873
frame_00373.png,36.487804
frame_00374.png,36.564375
frame_00375.png,36.679146
frame_00376.png,36.780218
frame_00377.png,36.901865
frame_00378.png,36.969767
frame_00379.png,37.089096
frame_00380.png,37.174458
frame_00381.png,37.272755
frame_00382.png,37.385390
frame_00383.png,37.477698
frame_00384.png,37.551297
frame_00385.png,37.647194
frame_00386.png,37.768568
frame_00387.png,37.843108
frame_00388.png,37.923036
frame_00389.png,38.025268
frame_00390.png,38.137396
frame_00391.png,38.222711
frame_00392.png,38.327341
frame_00393.png,38.438041
frame_00394.png,38.523490
frame_00395.png,38.641063
frame_00396.png,38.721213
frame_00397.png,38.826262
frame_00398.png,38.936159
frame_00399.png,39.026479
frame_00400.png,39.136439
frame_00401.png,39.221720
frame_00402.png,39.334144
frame_00403.png,39.419968
frame_00404.png,39.519378
frame_00405.png,39.627772
frame_00406.png,39.738324
frame_00407.png,39.827883
frame_00408.png,39.942790
frame_00409.png,40.098222
frame_00410.png,40.164971
frame_00411.png,40.264208
frame_00412.png,40.333631
frame_00413.png,40.430043
frame_00414.png,40.523565
frame_00415.png,40.646954
frame_00416.png,40.714886
frame_00417.png,40.828638
frame_00418.png,40.922985
frame_00419.png,41.036839
frame_00420.png,41.120046
frame_00421.png,41.230891
frame_00422.png,41.324229
frame_00423.png,41.399530
frame_00424.png,41.487243
frame_00425.png,41.608387
frame_00426.png,41.675528
frame_00427.png,41.773905
frame_00428.png,41.892639
frame_00429.png,41.971724
frame_00430.png,42.087992
frame_00431.png,42.173769
frame_00432.png,42.281455
frame_00433.png,42.378197
frame_00434.png,42.470938
frame_00435.png,42.576735
frame_00436.png,42.684540
frame_00437.png,42.776437
frame_00438.png,42.881048
frame_00439.png,42.972866
frame_00440.png,43.087951
frame_00441.png,43.169543
frame_00442.png,43.273530
frame_00443.png,43.374817
frame_00444.png,43.472920
frame_00445.png,43.573513
frame_00446.png,43.674598
frame_00447.png,43.783917
frame_00448.png,43.880508
frame_00449.png,43.982050
frame_00450.png,44.075711
frame_00451.png,44.172266
frame_00452.png,44.292432
frame_00453.png,44.373195
frame_00454.png,44.484877
frame_00455.png,44.572486
frame_00456.png,44.677159
frame_00457.png,44.783616
frame_00458.png,44.876685
frame_00459.png,44.951319
frame_00460.png,45.045989
frame_00461.png,45.116349
frame_00462.png,45.234010
frame_00463.png,45.301654
frame_00464.png,45.373661
frame_00465.png,45.484943
frame_00466.png,45.588751
frame_00467.png,45.674185
frame_00468.png,45.789877
frame_00469.png,45.884643
frame_00470.png,45.972679
frame_00471.png,46.089010
frame_00472.png,46.175485
frame_00473.png,46.277104
frame_00474.png,46.374726
frame_00475.png,46.496455
frame_00476.png,46.574947
frame_00477.png,46.684830
frame_00478.png,46.782813
frame_00479.png,46.882579
frame_00480.png,46.983684
frame_00481.png,47.087849
frame_00482.png,47.172636
frame_00483.png,47.252241
frame_00484.png,47.352098
frame_00485.png,47.425133
frame_00486.png,47.539727
frame_00487.png,47.607567
frame_00488.png,47.675671
frame_00489.png,47.776628
frame_00490.png,47.889043
frame_00491.png,48.036713
frame_00492.png,48.114472
frame_00493.png,48.250946
frame_00494.png,48.356795
frame_00495.png,48.426202
frame_00496.png,48.522751
frame_00497.png,48.633661
frame_00498.png,48.727937
frame_00499.png,48.825638
frame_00500.png,48.928023
frame_00501.png,49.027161
frame_00502.png,49.140548
frame_00503.png,49.222034
frame_00504.png,49.324679
frame_00505.png,49.425892
frame_00506.png,49.521850
frame_00507.png,49.646073
frame_00508.png,49.724800
frame_00509.png,49.833215
frame_00510.png,49.927120
frame_00511.png,50.024637
frame_00512.png,50.125666
frame_00513.png,50.233267
frame_00514.png,50.326697
frame_00515.png,50.427426
frame_00516.png,50.526486
frame_00517.png,50.638546
frame_00518.png,50.721461
frame_00519.png,50.828229
frame_00520.png,50.904418
frame_00521.png,51.007873
frame_00522.png,51.130085
frame_00523.png,51.199592
frame_00524.png,51.270732
frame_00525.png,51.374740
frame_00526.png,51.473965
frame_00527.png,51.570931
frame_00528.png,51.700635
frame_00529.png,51.771606
frame_00530.png,51.893094
frame_00531.png,51.969432
frame_00532.png,52.052439
frame_00533.png,52.150486
frame_00534.png,52.224179
frame_00535.png,52.339024
frame_00536.png,52.407027
frame_00537.png,52.474135
frame_00538.png,52.577398
frame_00539.png,52.673828
frame_00540.png,52.786895
frame_00541.png,52.873647
frame_00542.png,52.972859
frame_00543.png,53.076472
frame_00544.png,53.186137
frame_00545.png,53.269891
frame_00546.png,53.376231
frame_00547.png,53.488689
frame_00548.png,53.576135
frame_00549.png,53.686093
frame_00550.png,53.771727
frame_00551.png,53.873033
frame_00552.png,53.982462
frame_00553.png,54.049168
frame_00554.png,54.121178
frame_00555.png,54.238179
frame_00556.png,54.325356
frame_00557.png,54.424050
frame_00558.png,54.524841
frame_00559.png,54.628953
frame_00560.png,54.718786
frame_00561.png,54.836376
frame_00562.png,54.922149
frame_00563.png,55.021161
frame_00564.png,55.121248
frame_00565.png,55.222359
frame_00566.png,55.321103
frame_00567.png,55.422941
frame_00568.png,55.521535
frame_00569.png,55.631446
frame_00570.png,55.723968
frame_00571.png,55.818691
frame_00572.png,55.940549
frame_00573.png,56.019929
frame_00574.png,56.123727
frame_00575.png,56.223181
frame_00576.png,56.320112
frame_00577.png,56.438869
frame_00578.png,56.521779
frame_00579.png,56.643718
frame_00580.png,56.723857
frame_00581.png,56.839586
frame_00582.png,56.924021
frame_00583.png,57.023724
frame_00584.png,57.128090
frame_00585.png,57.221840
frame_00586.png,57.321038
frame_00587.png,57.431534
frame_00588.png,57.520730
frame_00589.png,57.620051
frame_00590.png,57.699415
frame_00591.png,57.767178
frame_00592.png,57.889374
frame_00593.png,57.962532
frame_00594.png,58.052195
frame_00595.png,58.154559
frame_00596.png,58.223038
frame_00597.png,58.336739
frame_00598.png,58.414664
frame_00599.png,58.515133
frame_00600.png,58.602158
frame_00601.png,58.707027
frame_00602.png,58.774069
frame_00603.png,58.884899
frame_00604.png,58.952204
frame_00605.png,59.064316
frame_00606.png,59.163907
frame_00607.png,59.279740
frame_00608.png,59.372561
frame_00609.png,59.472020
frame_00610.png,59.587890
frame_00611.png,59.671250
frame_00612.png,59.774103
