tick,before_fixed_us,after_fixed_us,after_frame_window_us,before_projection_us,after_projection_us,after_replay_us
3600,30246,21160,35645,2027,2105,867
3780,21776,11680,26698,2473,2149,955
3960,26129,17277,32745,2084,2124,921
4140,27010,17453,32207,2185,2248,974
4320,26332,16267,32085,2017,2135,942
4500,26528,16978,34100,2445,2219,1013
4680,25763,16143,35710,2136,2154,922
4860,25676,18267,38694,2106,2399,970
5040,34754,21105,41884,2210,2336,998
5220,22691,12217,28070,2209,2197,986
5340,37828,16933,33850,2150,2406,1130
5400,25814,17912,34709,2528,2389,1023
5580,26169,16691,32243,2326,2365,986
5640,42753,20772,38432,2130,2230,970
5940,27141,17344,35544,2164,2232,965
6120,28432,17314,33848,2428,2229,990
6300,27952,17301,34782,2317,2281,953
6480,26437,17983,35496,2166,2169,990
6660,24263,15288,32279,2798,2422,1026
